Timestamp	Left_EAR	Right_EAR	Average_EAR	Eye_Status	MAR	MAR_Threshold	Yawn_Status	PERCLOS	Blink_Rate	Blink_Status	Drowsiness_Status
2026-09-07 13:25:49	0.2851	0.2583	0.2717	PARTIALLY CLOSED	0.0048	0.6	NO YAWN	0.0	0.0	LOW BLINK RATE	NORMAL
2026-09-07 13:25:50	0.3044	0.2711	0.2878	PARTIALLY CLOSED	0.0072	0.6	NO YAWN	15.62	1.0	LOW BLINK RATE	NORMAL
2026-09-07 13:25:51	0.252	0.2145	0.2333	PARTIALLY CLOSED	0.2462	0.6	NO YAWN	26.98	5.0	LOW BLINK RATE	NORMAL
2026-09-07 13:25:52	0.2717	0.2475	0.2596	PARTIALLY CLOSED	0.209	0.6	NO YAWN	21.28	6.0	LOW BLINK RATE	NORMAL
2026-09-07 13:25:53	0.2375	0.1974	0.2174	PARTIALLY CLOSED	0.0032	0.6	NO YAWN	16.13	6.0	LOW BLINK RATE	NORMAL
2026-09-07 13:25:55	0.344	0.3171	0.3305	EYES OPEN	0.0299	0.6	NO YAWN	16.13	7.0	LOW BLINK RATE	NORMAL
2026-09-07 13:25:56	0.3382	0.354	0.3461	EYES OPEN	0.0048	0.6	NO YAWN	13.51	7.0	LOW BLINK RATE	NORMAL
2026-09-07 13:25:57	0.3763	0.3736	0.375	EYES OPEN	0.0053	0.6	NO YAWN	12.5	8.0	LOW BLINK RATE	NORMAL
2026-09-07 13:25:58	0.3249	0.3027	0.3138	EYES OPEN	0.0097	0.6	NO YAWN	10.98	8.0	LOW BLINK RATE	NORMAL
2026-09-07 13:25:59	0.2336	0.2622	0.2479	PARTIALLY CLOSED	0.1791	0.6	NO YAWN	9.75	8.0	LOW BLINK RATE	NORMAL
2026-09-07 13:26:00	0.2479	0.2511	0.2495	PARTIALLY CLOSED	0.136	0.6	NO YAWN	8.79	8.0	LOW BLINK RATE	NORMAL
2026-09-07 13:26:01	0.4933	0.2937	0.3935	EYES OPEN	0.2116	0.6	NO YAWN	9.76	9.0	LOW BLINK RATE	NORMAL
2026-09-07 13:26:02	0.5406	0.3105	0.4255	EYES OPEN	0.1076	0.6	NO YAWN	8.97	9.0	LOW BLINK RATE	NORMAL
2026-09-07 13:26:03	0.3522	0.1038	0.228	PARTIALLY CLOSED	0.0211	0.6	NO YAWN	8.27	9.0	LOW BLINK RATE	NORMAL
2026-09-07 13:26:04	0.5957	0.3589	0.4773	EYES OPEN	0.0144	0.6	NO YAWN	7.69	9.0	LOW BLINK RATE	NORMAL
2026-09-07 13:26:05	0.4171	0.3351	0.3761	EYES OPEN	0.0076	0.6	NO YAWN	7.17	9.0	LOW BLINK RATE	NORMAL
2026-09-07 13:26:06	0.3333	0.3012	0.3172	EYES OPEN	0.0026	0.6	NO YAWN	7.33	10.0	NORMAL BLINK RATE	NORMAL
2026-09-07 13:26:07	0.5428	0.3448	0.4438	EYES OPEN	0.0095	0.6	NO YAWN	6.91	10.0	NORMAL BLINK RATE	NORMAL
2026-09-07 13:26:08	0.2882	0.1606	0.2244	PARTIALLY CLOSED	0.0066	0.6	NO YAWN	6.53	10.0	NORMAL BLINK RATE	NORMAL
2026-09-07 13:26:09	0.3194	0.3175	0.3185	EYES OPEN	0.0064	0.6	NO YAWN	6.36	11.0	NORMAL BLINK RATE	NORMAL
2026-09-07 13:26:10	0.3601	0.3661	0.3631	EYES OPEN	0.049	0.6	NO YAWN	6.04	11.0	NORMAL BLINK RATE	NORMAL
2026-09-07 13:26:11	0.3116	0.3148	0.3132	EYES OPEN	0.0042	0.6	NO YAWN	5.75	11.0	NORMAL BLINK RATE	NORMAL
2026-09-07 13:26:12	0.0	0.0	0.0	NO FACE	0.0	0.6	NO YAWN	6.08	12.0	NORMAL BLINK RATE	NORMAL
2026-09-07 13:26:13	0.3065	0.3608	0.3336	EYES OPEN	0.0673	0.6	NO YAWN	6.24	13.0	NORMAL BLINK RATE	NORMAL
2026-09-07 13:26:14	0.2631	0.3309	0.297	PARTIALLY CLOSED	0.0039	0.6	NO YAWN	5.99	13.0	NORMAL BLINK RATE	NORMAL
2026-09-07 13:26:15	0.236	0.2808	0.2584	PARTIALLY CLOSED	0.0056	0.6	NO YAWN	5.74	13.0	NORMAL BLINK RATE	NORMAL
2026-09-07 13:26:16	0.2875	0.3055	0.2965	PARTIALLY CLOSED	0.0041	0.6	NO YAWN	6.02	14.0	NORMAL BLINK RATE	NORMAL
2026-09-07 14:31:41	0.2447	0.2429	0.2438	PARTIALLY CLOSED	0.0046	0.6	NO YAWN	0.0	0.0	LOW BLINK RATE	NORMAL
2026-09-07 14:31:42	0.2905	0.2868	0.2886	PARTIALLY CLOSED	0.1399	0.6	NO YAWN	11.11	1.0	LOW BLINK RATE	NORMAL
2026-09-07 14:31:43	0.2637	0.2704	0.267	PARTIALLY CLOSED	0.1475	0.6	NO YAWN	5.17	1.0	LOW BLINK RATE	NORMAL
2026-09-07 14:31:44	0.2625	0.6417	0.4521	EYES OPEN	0.0369	0.6	NO YAWN	11.24	3.0	LOW BLINK RATE	NORMAL
2026-09-07 14:31:45	0.2295	0.7115	0.4705	EYES OPEN	0.0898	0.6	NO YAWN	8.85	3.0	LOW BLINK RATE	NORMAL
2026-09-07 14:31:46	0.0959	0.3673	0.2316	PARTIALLY CLOSED	0.0939	0.6	NO YAWN	6.94	3.0	LOW BLINK RATE	NORMAL
2026-09-07 14:31:47	0.1974	0.729	0.4632	EYES OPEN	0.1037	0.6	NO YAWN	9.14	5.0	LOW BLINK RATE	NORMAL
2026-09-07 14:31:48	0.0986	0.4779	0.2882	PARTIALLY CLOSED	0.175	0.6	NO YAWN	8.25	6.0	LOW BLINK RATE	NORMAL
2026-09-07 14:31:49	0.1765	0.4249	0.3007	EYES OPEN	0.0618	0.6	NO YAWN	7.2	6.0	LOW BLINK RATE	NORMAL
2026-09-07 14:31:50	0.2588	0.2862	0.2725	PARTIALLY CLOSED	0.1636	0.6	NO YAWN	7.89	7.0	LOW BLINK RATE	NORMAL
2026-09-07 14:31:51	0.2473	0.2759	0.2616	PARTIALLY CLOSED	0.0852	0.6	NO YAWN	8.78	8.0	LOW BLINK RATE	NORMAL
2026-09-07 14:31:52	0.2217	0.2591	0.2404	PARTIALLY CLOSED	0.0251	0.6	NO YAWN	12.23	11.0	NORMAL BLINK RATE	NORMAL
2026-09-07 14:31:53	0.2418	0.6797	0.4608	EYES OPEN	0.0753	0.6	NO YAWN	12.04	12.0	NORMAL BLINK RATE	NORMAL
2026-09-07 14:31:54	0.2522	0.2621	0.2571	PARTIALLY CLOSED	0.2493	0.6	NO YAWN	11.34	13.0	NORMAL BLINK RATE	NORMAL
2026-09-07 14:31:55	0.2782	0.2766	0.2774	PARTIALLY CLOSED	0.0986	0.6	NO YAWN	11.69	14.0	NORMAL BLINK RATE	NORMAL
2026-09-09 14:00:19	0.2415	0.2271	0.2343	PARTIALLY CLOSED	0.0424	0.6	NO YAWN	0.0	0.0	LOW BLINK RATE	NORMAL
2026-09-09 14:00:20	0.2653	0.2641	0.2647	PARTIALLY CLOSED	0.074	0.6	NO YAWN	0.0	0.0	LOW BLINK RATE	NORMAL
2026-09-09 14:00:21	0.2641	0.2801	0.2721	PARTIALLY CLOSED	0.1078	0.6	NO YAWN	8.06	1.0	LOW BLINK RATE	NORMAL
2026-09-09 14:00:22	0.2711	0.2741	0.2726	PARTIALLY CLOSED	0.123	0.6	NO YAWN	5.43	1.0	LOW BLINK RATE	NORMAL
2026-09-09 14:00:23	0.1412	0.1382	0.1397	EYES CLOSED	0.0823	0.6	NO YAWN	8.13	1.0	LOW BLINK RATE	EYES CLOSED
2026-09-09 14:00:24	0.1432	0.1706	0.1569	EYES CLOSED	0.1395	0.6	NO YAWN	14.94	3.0	LOW BLINK RATE	EYES CLOSED
2026-09-09 14:00:25	0.24	0.2269	0.2334	PARTIALLY CLOSED	0.1589	0.6	NO YAWN	16.3	5.0	LOW BLINK RATE	NORMAL
2026-09-09 14:00:26	0.1264	0.1094	0.1179	EYES CLOSED	0.1694	0.6	NO YAWN	14.42	5.0	LOW BLINK RATE	EYES CLOSED
2026-09-09 14:00:27	0.2548	0.2613	0.258	PARTIALLY CLOSED	0.1348	0.6	NO YAWN	15.1	6.0	LOW BLINK RATE	NORMAL
2026-09-09 14:00:28	0.3465	0.3513	0.3489	EYES OPEN	0.0764	0.6	NO YAWN	15.58	7.0	LOW BLINK RATE	NORMAL
2026-09-09 14:00:29	0.2821	0.2889	0.2855	PARTIALLY CLOSED	0.0818	0.6	NO YAWN	16.01	8.0	LOW BLINK RATE	NORMAL
2026-09-09 14:00:30	0.2839	0.2944	0.2892	PARTIALLY CLOSED	0.1081	0.6	NO YAWN	16.37	9.0	LOW BLINK RATE	NORMAL
2026-09-09 14:00:31	0.2411	0.2478	0.2445	PARTIALLY CLOSED	0.0797	0.6	NO YAWN	16.39	10.0	NORMAL BLINK RATE	NORMAL
2026-09-09 14:00:32	0.322	0.3387	0.3303	EYES OPEN	0.1232	0.6	NO YAWN	16.88	11.0	NORMAL BLINK RATE	NORMAL
2026-09-09 14:00:33	0.3058	0.3119	0.3089	EYES OPEN	0.7601	0.6	YAWNING	15.69	11.0	NORMAL BLINK RATE	YAWNING DETECTED
2026-09-09 14:00:34	0.2458	0.2555	0.2507	PARTIALLY CLOSED	0.8152	0.6	YAWNING	17.25	12.0	NORMAL BLINK RATE	YAWNING DETECTED
2026-09-09 14:00:35	0.2438	0.2595	0.2516	PARTIALLY CLOSED	0.5065	0.6	NO YAWN	17.59	13.0	NORMAL BLINK RATE	NORMAL
2026-09-09 14:00:36	0.2456	0.2637	0.2546	PARTIALLY CLOSED	0.2747	0.6	NO YAWN	16.57	13.0	NORMAL BLINK RATE	NORMAL
2026-09-09 14:00:37	0.279	0.29	0.2845	PARTIALLY CLOSED	0.6912	0.6	YAWNING	16.36	14.0	NORMAL BLINK RATE	YAWNING DETECTED
2026-09-09 14:00:38	0.264	0.2729	0.2684	PARTIALLY CLOSED	0.0903	0.6	NO YAWN	15.52	14.0	NORMAL BLINK RATE	NORMAL
2026-09-09 14:00:39	0.2449	0.2504	0.2477	PARTIALLY CLOSED	0.7158	0.6	YAWNING	14.75	14.0	NORMAL BLINK RATE	YAWNING DETECTED
2026-09-09 14:00:40	0.0117	0.0231	0.0174	EYES CLOSED	0.2795	0.6	NO YAWN	17.81	16.0	NORMAL BLINK RATE	EYES CLOSED
2026-09-09 14:00:41	0.0133	0.0068	0.0101	EYES CLOSED	0.1104	0.6	NO YAWN	18.18	17.0	NORMAL BLINK RATE	EYES CLOSED
2026-09-09 14:00:42	0.3546	0.3591	0.3569	EYES OPEN	0.1134	0.6	NO YAWN	18.69	18.0	NORMAL BLINK RATE	NORMAL
2026-09-09 14:00:43	0.1859	0.1954	0.1907	PARTIALLY CLOSED	0.2014	0.6	NO YAWN	19.81	19.0	NORMAL BLINK RATE	NORMAL
2026-09-09 14:00:44	0.3161	0.3257	0.3209	EYES OPEN	0.1011	0.6	NO YAWN	20.87	23.0	NORMAL BLINK RATE	NORMAL
2026-09-09 14:00:45	0.2644	0.273	0.2687	PARTIALLY CLOSED	0.101	0.6	NO YAWN	20.68	24.0	NORMAL BLINK RATE	NORMAL
2026-09-09 14:00:46	0.1069	0.0853	0.0961	EYES CLOSED	0.0105	0.6	NO YAWN	22.24	25.0	NORMAL BLINK RATE	EYES CLOSED
2026-09-24 22:03:58	0.3559	0.2786	0.3172	EYES OPEN	0.0065	0.6	NO YAWN	0.0	0.0	LOW BLINK RATE	NORMAL
2026-09-24 22:03:58	0.3186	0.2887	0.3037	EYES OPEN	0.0057	0.6	NO YAWN	0.0	0.0	LOW BLINK RATE	NORMAL
2026-09-24 22:03:59	0.3566	0.3147	0.3357	EYES OPEN	0.0038	0.6	NO YAWN	0.0	0.0	LOW BLINK RATE	NORMAL
2026-09-24 22:04:00	0.3112	0.2789	0.2951	PARTIALLY CLOSED	0.0113	0.6	NO YAWN	0.0	0.0	LOW BLINK RATE	NORMAL
2026-09-24 22:04:01	0.2695	0.2439	0.2567	PARTIALLY CLOSED	0.0131	0.6	NO YAWN	1.02	1.0	LOW BLINK RATE	NORMAL
2026-09-24 22:04:02	0.2855	0.29	0.2877	PARTIALLY CLOSED	0.0074	0.6	NO YAWN	0.78	1.0	LOW BLINK RATE	NORMAL
2026-09-24 22:04:03	0.2739	0.2666	0.2703	PARTIALLY CLOSED	0.0201	0.6	NO YAWN	1.89	2.0	LOW BLINK RATE	NORMAL
2026-09-24 22:04:04	0.231	0.2152	0.2231	PARTIALLY CLOSED	0.0114	0.6	NO YAWN	1.59	2.0	LOW BLINK RATE	NORMAL
2026-09-24 22:04:40	0.2917	0.2519	0.2718	PARTIALLY CLOSED	0.0134	0.6	NO YAWN	0.0	0.0	LOW BLINK RATE	NORMAL
2026-09-24 22:04:41	0.3417	0.3015	0.3216	EYES OPEN	0.0025	0.6	NO YAWN	0.0	0.0	LOW BLINK RATE	NORMAL
2026-09-24 22:04:42	0.3114	0.2982	0.3048	EYES OPEN	0.0069	0.6	NO YAWN	0.0	0.0	LOW BLINK RATE	NORMAL
2026-09-24 22:04:43	0.3228	0.3028	0.3128	EYES OPEN	0.048	0.6	NO YAWN	0.0	0.0	LOW BLINK RATE	NORMAL
2026-09-24 22:04:44	0.3205	0.2829	0.3017	EYES OPEN	0.0097	0.6	NO YAWN	0.0	0.0	LOW BLINK RATE	NORMAL
2026-09-24 22:04:45	0.3691	0.3101	0.3396	EYES OPEN	0.0141	0.6	NO YAWN	0.0	0.0	LOW BLINK RATE	NORMAL
2026-09-24 22:04:46	0.0	0.0	0.0	NO FACE	0.0	0.6	NO YAWN	0.0	0.0	LOW BLINK RATE	NORMAL
2026-09-24 22:04:47	0.2598	0.2391	0.2494	PARTIALLY CLOSED	0.0116	0.6	NO YAWN	0.0	0.0	LOW BLINK RATE	NORMAL
2026-09-24 22:04:48	0.3214	0.3919	0.3567	EYES OPEN	0.0086	0.6	NO YAWN	0.0	0.0	LOW BLINK RATE	NORMAL
2026-09-24 22:04:49	0.0	0.0	0.0	NO FACE	0.0	0.6	NO YAWN	0.0	0.0	LOW BLINK RATE	NORMAL
2026-09-24 22:04:50	0.3234	0.2932	0.3083	EYES OPEN	0.0091	0.6	NO YAWN	0.66	1.0	LOW BLINK RATE	NORMAL
2026-09-24 22:04:51	0.3158	0.2906	0.3032	EYES OPEN	0.0049	0.6	NO YAWN	0.6	1.0	LOW BLINK RATE	NORMAL
2026-09-24 22:04:52	0.1502	0.2119	0.181	PARTIALLY CLOSED	0.0358	0.6	NO YAWN	0.82	2.0	LOW BLINK RATE	NORMAL
2026-09-24 22:04:54	0.2956	0.3153	0.3055	EYES OPEN	0.0131	0.6	NO YAWN	2.27	6.0	LOW BLINK RATE	NORMAL
2026-09-24 22:04:55	0.2737	0.3055	0.2896	PARTIALLY CLOSED	0.1105	0.6	NO YAWN	2.11	6.0	LOW BLINK RATE	NORMAL
2026-09-24 22:04:56	0.0926	0.181	0.1368	EYES CLOSED	0.0714	0.6	NO YAWN	6.56	7.0	LOW BLINK RATE	EYES CLOSED
2026-09-24 22:04:57	0.24	0.2656	0.2528	PARTIALLY CLOSED	0.1781	0.6	NO YAWN	11.29	8.0	LOW BLINK RATE	NORMAL
2026-09-24 22:04:58	0.332	0.3945	0.3633	EYES OPEN	0.403	0.6	NO YAWN	10.62	8.0	LOW BLINK RATE	NORMAL
2026-09-24 22:04:59	0.346	0.3746	0.3603	EYES OPEN	0.1838	0.6	NO YAWN	10.02	8.0	LOW BLINK RATE	NORMAL
2026-09-24 22:05:00	0.332	0.3623	0.3471	EYES OPEN	0.0358	0.6	NO YAWN	9.52	8.0	LOW BLINK RATE	NORMAL
2026-09-24 22:05:01	0.3166	0.2743	0.2955	PARTIALLY CLOSED	0.1738	0.6	NO YAWN	9.03	8.0	LOW BLINK RATE	NORMAL
2026-09-24 22:05:02	0.2621	0.2617	0.2619	PARTIALLY CLOSED	0.0162	0.6	NO YAWN	11.89	9.0	LOW BLINK RATE	NORMAL
2026-09-24 22:05:03	0.2881	0.247	0.2676	PARTIALLY CLOSED	0.0038	0.6	NO YAWN	11.34	9.0	LOW BLINK RATE	NORMAL
2026-09-24 22:05:04	0.2622	0.2796	0.2709	PARTIALLY CLOSED	0.015	0.6	NO YAWN	12.86	11.0	NORMAL BLINK RATE	NORMAL
2026-09-24 22:05:05	0.2349	0.2453	0.2401	PARTIALLY CLOSED	0.0075	0.6	NO YAWN	13.39	13.0	NORMAL BLINK RATE	NORMAL
2026-09-24 22:05:06	0.302	0.282	0.292	PARTIALLY CLOSED	0.0081	0.6	NO YAWN	12.84	13.0	NORMAL BLINK RATE	NORMAL
2026-09-24 22:05:07	0.2961	0.2768	0.2864	PARTIALLY CLOSED	0.0016	0.6	NO YAWN	12.34	13.0	NORMAL BLINK RATE	NORMAL
2026-09-24 22:05:08	0.2991	0.2762	0.2877	PARTIALLY CLOSED	0.0019	0.6	NO YAWN	11.89	13.0	NORMAL BLINK RATE	NORMAL
2026-09-24 22:05:09	0.2467	0.2574	0.252	PARTIALLY CLOSED	0.0077	0.6	NO YAWN	11.58	14.0	NORMAL BLINK RATE	NORMAL
2026-09-24 22:05:10	0.1742	0.1739	0.174	EYES CLOSED	0.0068	0.6	NO YAWN	11.29	14.0	NORMAL BLINK RATE	EYES CLOSED
2026-09-24 22:05:11	0.3109	0.2854	0.2981	PARTIALLY CLOSED	0.008	0.6	NO YAWN	11.24	16.0	NORMAL BLINK RATE	NORMAL
2026-09-24 22:05:12	0.3141	0.2761	0.2951	PARTIALLY CLOSED	0.0056	0.6	NO YAWN	10.88	16.0	NORMAL BLINK RATE	NORMAL
2026-09-24 22:05:13	0.2921	0.2801	0.2861	PARTIALLY CLOSED	0.0036	0.6	NO YAWN	10.94	17.0	NORMAL BLINK RATE	NORMAL
2026-09-24 22:05:14	0.2149	0.2097	0.2123	PARTIALLY CLOSED	0.0026	0.6	NO YAWN	10.6	17.0	NORMAL BLINK RATE	NORMAL
2026-09-24 22:05:15	0.2389	0.2316	0.2352	PARTIALLY CLOSED	0.0023	0.6	NO YAWN	10.3	17.0	NORMAL BLINK RATE	NORMAL
2026-09-24 22:05:16	0.2449	0.2394	0.2421	PARTIALLY CLOSED	0.0016	0.6	NO YAWN	10.56	18.0	NORMAL BLINK RATE	NORMAL
2026-09-24 22:05:17	0.272	0.2592	0.2656	PARTIALLY CLOSED	0.0027	0.6	NO YAWN	10.26	18.0	NORMAL BLINK RATE	NORMAL
2026-09-24 22:05:18	0.2558	0.2401	0.2479	PARTIALLY CLOSED	0.0046	0.6	NO YAWN	10.34	19.0	NORMAL BLINK RATE	NORMAL
2026-09-24 22:05:19	0.2596	0.247	0.2533	PARTIALLY CLOSED	0.0025	0.6	NO YAWN	10.07	19.0	NORMAL BLINK RATE	NORMAL
2026-09-24 22:05:20	0.2754	0.2593	0.2673	PARTIALLY CLOSED	0.0035	0.6	NO YAWN	9.81	19.0	NORMAL BLINK RATE	NORMAL
2026-09-24 22:05:21	0.2933	0.2816	0.2874	PARTIALLY CLOSED	0.0034	0.6	NO YAWN	9.89	20.0	NORMAL BLINK RATE	NORMAL
2026-09-24 22:05:22	0.3122	0.2868	0.2995	PARTIALLY CLOSED	0.0025	0.6	NO YAWN	9.66	20.0	NORMAL BLINK RATE	NORMAL
2026-09-24 22:05:23	0.2652	0.2514	0.2583	PARTIALLY CLOSED	0.004	0.6	NO YAWN	9.66	21.0	NORMAL BLINK RATE	NORMAL
2026-09-24 22:05:24	0.2619	0.2505	0.2562	PARTIALLY CLOSED	0.0051	0.6	NO YAWN	9.81	22.0	NORMAL BLINK RATE	NORMAL
2026-09-24 22:05:25	0.2451	0.2426	0.2439	PARTIALLY CLOSED	0.0075	0.6	NO YAWN	9.58	22.0	NORMAL BLINK RATE	NORMAL
2026-09-24 22:05:26	0.2394	0.2588	0.2491	PARTIALLY CLOSED	0.0051	0.6	NO YAWN	9.52	23.0	NORMAL BLINK RATE	NORMAL
2026-09-24 22:05:27	0.2351	0.2512	0.2432	PARTIALLY CLOSED	0.0026	0.6	NO YAWN	9.67	24.0	NORMAL BLINK RATE	NORMAL
2026-09-24 22:05:28	0.2461	0.2419	0.244	PARTIALLY CLOSED	0.0032	0.6	NO YAWN	9.46	24.0	NORMAL BLINK RATE	NORMAL
2026-09-24 22:05:29	0.2502	0.2289	0.2396	PARTIALLY CLOSED	0.0034	0.6	NO YAWN	9.27	24.0	NORMAL BLINK RATE	NORMAL
2026-09-24 22:05:30	0.2813	0.2649	0.2731	PARTIALLY CLOSED	0.0029	0.6	NO YAWN	9.41	25.0	NORMAL BLINK RATE	NORMAL
2026-09-24 22:05:31	0.3127	0.2649	0.2888	PARTIALLY CLOSED	0.0396	0.6	NO YAWN	9.23	25.0	NORMAL BLINK RATE	NORMAL
2026-09-24 22:05:32	0.2244	0.2395	0.2319	PARTIALLY CLOSED	0.2229	0.6	NO YAWN	9.04	25.0	NORMAL BLINK RATE	NORMAL
2026-09-24 22:05:33	0.3501	0.3296	0.3399	EYES OPEN	0.0106	0.6	NO YAWN	9.31	27.0	NORMAL BLINK RATE	NORMAL
2026-09-24 22:05:34	0.2663	0.3418	0.304	EYES OPEN	0.0023	0.6	NO YAWN	9.14	27.0	NORMAL BLINK RATE	NORMAL
2026-09-24 22:05:35	0.2978	0.3494	0.3236	EYES OPEN	0.4775	0.6	NO YAWN	9.15	28.0	NORMAL BLINK RATE	NORMAL
2026-09-24 22:05:36	0.3233	0.3211	0.3222	EYES OPEN	0.1993	0.6	NO YAWN	8.98	28.0	NORMAL BLINK RATE	NORMAL
2026-09-24 22:05:37	0.3447	0.338	0.3413	EYES OPEN	0.0081	0.6	NO YAWN	9.0	29.0	NORMAL BLINK RATE	NORMAL
2026-09-24 22:05:38	0.3178	0.3184	0.3181	EYES OPEN	0.0047	0.6	NO YAWN	9.3	29.0	NORMAL BLINK RATE	NORMAL
2026-09-24 22:05:39	0.414	0.375	0.3945	EYES OPEN	0.0159	0.6	NO YAWN	9.36	30.0	NORMAL BLINK RATE	NORMAL
2026-09-24 22:05:40	0.32	0.3264	0.3232	EYES OPEN	0.007	0.6	NO YAWN	9.26	31.0	NORMAL BLINK RATE	NORMAL
2026-09-24 22:05:42	0.3553	0.3092	0.3322	EYES OPEN	0.008	0.6	NO YAWN	9.1	31.0	NORMAL BLINK RATE	NORMAL
2026-09-24 22:05:43	0.0	0.0	0.0	NO FACE	0.0	0.6	NO YAWN	8.95	31.0	NORMAL BLINK RATE	NORMAL
2026-09-24 22:05:44	0.3119	0.2871	0.2995	PARTIALLY CLOSED	0.0058	0.6	NO YAWN	9.07	33.0	NORMAL BLINK RATE	NORMAL
2026-09-24 22:05:45	0.278	0.2814	0.2797	PARTIALLY CLOSED	0.0024	0.6	NO YAWN	9.08	34.0	NORMAL BLINK RATE	NORMAL
2026-09-24 22:05:46	0.264	0.2537	0.2589	PARTIALLY CLOSED	0.0037	0.6	NO YAWN	9.2	35.0	NORMAL BLINK RATE	NORMAL
2026-09-24 22:05:47	0.2671	0.2634	0.2652	PARTIALLY CLOSED	0.0034	0.6	NO YAWN	9.06	35.0	NORMAL BLINK RATE	NORMAL
2026-09-24 22:05:48	0.3157	0.2847	0.3002	EYES OPEN	0.0057	0.6	NO YAWN	9.07	36.0	NORMAL BLINK RATE	NORMAL
2026-09-24 22:05:49	0.3348	0.3196	0.3272	EYES OPEN	0.0854	0.6	NO YAWN	8.93	36.0	NORMAL BLINK RATE	NORMAL
2026-09-24 22:05:50	0.3268	0.3014	0.3141	EYES OPEN	0.0023	0.6	NO YAWN	8.8	36.0	NORMAL BLINK RATE	NORMAL
2026-09-24 22:05:51	0.3445	0.3215	0.333	EYES OPEN	0.0464	0.6	NO YAWN	8.86	36.0	NORMAL BLINK RATE	NORMAL
2026-09-24 22:05:52	0.3031	0.2771	0.2901	PARTIALLY CLOSED	0.0018	0.6	NO YAWN	8.74	36.0	NORMAL BLINK RATE	NORMAL
2026-09-24 22:05:53	0.2854	0.263	0.2742	PARTIALLY CLOSED	0.0028	0.6	NO YAWN	8.61	33.0	NORMAL BLINK RATE	NORMAL
2026-09-24 22:05:54	0.133	0.1235	0.1282	EYES CLOSED	0.0024	0.6	NO YAWN	8.68	31.0	NORMAL BLINK RATE	EYES CLOSED
2026-09-24 22:05:55	0.2798	0.2656	0.2727	PARTIALLY CLOSED	0.0024	0.6	NO YAWN	8.65	32.0	NORMAL BLINK RATE	NORMAL
2026-09-24 22:05:56	0.282	0.2617	0.2719	PARTIALLY CLOSED	0.0018	0.6	NO YAWN	8.75	32.0	NORMAL BLINK RATE	NORMAL
2026-09-24 22:05:57	0.289	0.2683	0.2786	PARTIALLY CLOSED	0.0016	0.6	NO YAWN	8.63	31.0	NORMAL BLINK RATE	NORMAL
2026-09-24 22:05:58	0.2936	0.2771	0.2853	PARTIALLY CLOSED	0.0017	0.6	NO YAWN	8.74	32.0	NORMAL BLINK RATE	NORMAL
2026-09-24 22:05:59	0.3025	0.2777	0.2901	PARTIALLY CLOSED	0.0022	0.6	NO YAWN	8.62	32.0	NORMAL BLINK RATE	NORMAL
2026-09-24 22:06:00	0.2724	0.2574	0.2649	PARTIALLY CLOSED	0.0032	0.6	NO YAWN	8.64	33.0	NORMAL BLINK RATE	NORMAL
2026-09-24 22:06:01	0.2725	0.2418	0.2571	PARTIALLY CLOSED	0.0132	0.6	NO YAWN	8.9	38.0	NORMAL BLINK RATE	NORMAL
2026-09-24 22:06:02	0.2917	0.2512	0.2715	PARTIALLY CLOSED	0.2178	0.6	NO YAWN	8.79	37.0	NORMAL BLINK RATE	NORMAL
2026-09-24 22:06:03	0.135	0.1375	0.1363	EYES CLOSED	0.0184	0.6	NO YAWN	8.76	37.0	NORMAL BLINK RATE	EYES CLOSED
2026-09-24 22:06:04	0.2914	0.2765	0.2839	PARTIALLY CLOSED	0.0095	0.6	NO YAWN	8.74	36.0	NORMAL BLINK RATE	NORMAL
2026-09-24 22:06:05	0.2775	0.2872	0.2823	PARTIALLY CLOSED	0.0086	0.6	NO YAWN	8.79	35.0	NORMAL BLINK RATE	NORMAL
2026-09-24 22:06:06	0.2183	0.1852	0.2017	PARTIALLY CLOSED	0.0102	0.6	NO YAWN	8.68	35.0	NORMAL BLINK RATE	NORMAL
2026-09-24 22:06:07	0.2736	0.2609	0.2672	PARTIALLY CLOSED	0.0064	0.6	NO YAWN	8.7	36.0	NORMAL BLINK RATE	NORMAL
2026-09-24 22:06:08	0.3183	0.3167	0.3175	EYES OPEN	0.0112	0.6	NO YAWN	8.75	37.0	NORMAL BLINK RATE	NORMAL
2026-09-24 22:06:09	0.28	0.2662	0.2731	PARTIALLY CLOSED	0.0105	0.6	NO YAWN	8.69	37.0	NORMAL BLINK RATE	NORMAL
2026-09-24 22:06:10	0.2676	0.2469	0.2573	PARTIALLY CLOSED	0.0014	0.6	NO YAWN	8.59	36.0	NORMAL BLINK RATE	NORMAL
2026-09-24 22:06:11	0.2615	0.248	0.2547	PARTIALLY CLOSED	0.0019	0.6	NO YAWN	8.56	35.0	NORMAL BLINK RATE	NORMAL
2026-09-24 22:06:12	0.2676	0.2584	0.263	PARTIALLY CLOSED	0.0017	0.6	NO YAWN	8.74	36.0	NORMAL BLINK RATE	NORMAL
2026-09-24 22:06:13	0.257	0.2517	0.2544	PARTIALLY CLOSED	0.0026	0.6	NO YAWN	8.74	35.0	NORMAL BLINK RATE	NORMAL
2026-09-24 22:06:14	0.2561	0.2561	0.2561	PARTIALLY CLOSED	0.3177	0.6	NO YAWN	8.74	35.0	NORMAL BLINK RATE	NORMAL
2026-09-24 22:06:15	0.2532	0.2514	0.2523	PARTIALLY CLOSED	0.4399	0.6	NO YAWN	8.74	35.0	NORMAL BLINK RATE	NORMAL
2026-09-24 22:06:16	0.2622	0.2625	0.2624	PARTIALLY CLOSED	0.426	0.6	NO YAWN	8.93	35.0	NORMAL BLINK RATE	NORMAL
2026-09-24 22:06:17	0.2726	0.2695	0.2711	PARTIALLY CLOSED	0.4916	0.6	NO YAWN	8.93	35.0	NORMAL BLINK RATE	NORMAL
2026-09-24 22:06:18	0.2745	0.2745	0.2745	PARTIALLY CLOSED	0.4361	0.6	NO YAWN	9.15	35.0	NORMAL BLINK RATE	NORMAL
2026-09-24 22:06:19	0.2675	0.26	0.2637	PARTIALLY CLOSED	0.0117	0.6	NO YAWN	9.37	36.0	NORMAL BLINK RATE	NORMAL
2026-09-24 22:06:20	0.2466	0.2465	0.2466	PARTIALLY CLOSED	0.008	0.6	NO YAWN	9.45	37.0	NORMAL BLINK RATE	NORMAL
2026-09-24 22:06:21	0.3131	0.3032	0.3082	EYES OPEN	0.0058	0.6	NO YAWN	9.55	37.0	NORMAL BLINK RATE	NORMAL
2026-09-24 22:06:22	0.2924	0.2873	0.2899	PARTIALLY CLOSED	0.0047	0.6	NO YAWN	9.53	37.0	NORMAL BLINK RATE	NORMAL
2026-09-24 22:06:23	0.1875	0.2064	0.1969	PARTIALLY CLOSED	0.0038	0.6	NO YAWN	9.68	37.0	NORMAL BLINK RATE	NORMAL
2026-09-24 22:06:24	0.0723	0.0543	0.0633	EYES CLOSED	0.0047	0.6	NO YAWN	9.72	36.0	NORMAL BLINK RATE	EYES CLOSED
2026-09-24 22:06:25	0.3338	0.3067	0.3202	EYES OPEN	0.0051	0.6	NO YAWN	9.39	38.0	NORMAL BLINK RATE	NORMAL
2026-09-24 22:06:26	0.1759	0.2028	0.1894	PARTIALLY CLOSED	0.0012	0.6	NO YAWN	8.45	38.0	NORMAL BLINK RATE	NORMAL
2026-09-24 22:06:27	0.314	0.2964	0.3052	EYES OPEN	0.0009	0.6	NO YAWN	8.31	37.0	NORMAL BLINK RATE	NORMAL
2026-09-24 22:06:28	0.3072	0.2911	0.2992	PARTIALLY CLOSED	0.0009	0.6	NO YAWN	8.31	37.0	NORMAL BLINK RATE	NORMAL
2026-09-24 22:06:29	0.3141	0.3025	0.3083	EYES OPEN	0.0013	0.6	NO YAWN	8.41	38.0	NORMAL BLINK RATE	NORMAL
2026-09-24 22:06:30	0.3125	0.2969	0.3047	EYES OPEN	0.0015	0.6	NO YAWN	8.57	38.0	NORMAL BLINK RATE	NORMAL
2026-09-24 22:06:31	0.303	0.2806	0.2918	PARTIALLY CLOSED	0.003	0.6	NO YAWN	7.9	38.0	NORMAL BLINK RATE	NORMAL
2026-09-24 22:06:32	0.3102	0.2983	0.3042	EYES OPEN	0.6878	0.6	YAWNING	7.78	38.0	NORMAL BLINK RATE	YAWNING DETECTED
2026-09-24 22:06:33	0.2988	0.2899	0.2943	PARTIALLY CLOSED	0.6682	0.6	YAWNING	7.26	36.0	NORMAL BLINK RATE	YAWNING DETECTED
2026-09-24 22:06:34	0.3009	0.307	0.3039	EYES OPEN	0.5806	0.6	NO YAWN	7.23	37.0	NORMAL BLINK RATE	NORMAL
2026-09-24 22:06:35	0.2991	0.2913	0.2952	PARTIALLY CLOSED	0.0033	0.6	NO YAWN	7.08	36.0	NORMAL BLINK RATE	NORMAL
2026-09-24 22:06:36	0.3118	0.2803	0.2961	PARTIALLY CLOSED	0.0029	0.6	NO YAWN	7.23	37.0	NORMAL BLINK RATE	NORMAL
2026-09-24 22:06:37	0.3067	0.2773	0.292	PARTIALLY CLOSED	0.0018	0.6	NO YAWN	7.41	37.0	NORMAL BLINK RATE	NORMAL
2026-09-24 22:06:38	0.2975	0.2788	0.2881	PARTIALLY CLOSED	0.0034	0.6	NO YAWN	7.37	37.0	NORMAL BLINK RATE	NORMAL
2026-09-24 22:06:39	0.28	0.2648	0.2724	PARTIALLY CLOSED	0.0042	0.6	NO YAWN	7.37	36.0	NORMAL BLINK RATE	NORMAL
2026-09-24 22:06:41	0.3008	0.2847	0.2928	PARTIALLY CLOSED	0.0038	0.6	NO YAWN	7.34	35.0	NORMAL BLINK RATE	NORMAL
2026-09-24 22:06:42	0.2836	0.2752	0.2794	PARTIALLY CLOSED	0.0013	0.6	NO YAWN	7.37	36.0	NORMAL BLINK RATE	NORMAL
2026-09-24 22:06:43	0.304	0.2775	0.2907	PARTIALLY CLOSED	0.0017	0.6	NO YAWN	7.23	36.0	NORMAL BLINK RATE	NORMAL
2026-09-24 22:06:44	0.2859	0.2804	0.2832	PARTIALLY CLOSED	0.0025	0.6	NO YAWN	7.41	35.0	NORMAL BLINK RATE	NORMAL
2026-09-24 22:06:45	0.303	0.2821	0.2925	PARTIALLY CLOSED	0.0057	0.6	NO YAWN	7.41	34.0	NORMAL BLINK RATE	NORMAL
2026-09-24 22:06:46	0.2994	0.2786	0.289	PARTIALLY CLOSED	0.0022	0.6	NO YAWN	7.22	34.0	NORMAL BLINK RATE	NORMAL
2026-09-24 22:06:47	0.2873	0.2659	0.2766	PARTIALLY CLOSED	0.0018	0.6	NO YAWN	7.22	34.0	NORMAL BLINK RATE	NORMAL
2026-09-24 22:06:48	0.2891	0.2717	0.2804	PARTIALLY CLOSED	0.0039	0.6	NO YAWN	7.08	33.0	NORMAL BLINK RATE	NORMAL
2026-09-24 22:06:49	0.278	0.2604	0.2692	PARTIALLY CLOSED	0.0018	0.6	NO YAWN	7.26	34.0	NORMAL BLINK RATE	NORMAL
2026-09-24 22:06:50	0.3128	0.2886	0.3007	EYES OPEN	0.0026	0.6	NO YAWN	7.26	34.0	NORMAL BLINK RATE	NORMAL
2026-09-24 22:06:51	0.3223	0.3005	0.3114	EYES OPEN	0.0048	0.6	NO YAWN	7.6	35.0	NORMAL BLINK RATE	NORMAL
2026-09-24 22:06:52	0.3304	0.3037	0.3171	EYES OPEN	0.0042	0.6	NO YAWN	7.45	35.0	NORMAL BLINK RATE	NORMAL
2026-09-24 22:06:53	0.3047	0.2811	0.2929	PARTIALLY CLOSED	0.0038	0.6	NO YAWN	7.48	36.0	NORMAL BLINK RATE	NORMAL
2026-09-24 22:06:54	0.3033	0.2843	0.2938	PARTIALLY CLOSED	0.0023	0.6	NO YAWN	7.3	36.0	NORMAL BLINK RATE	NORMAL
2026-09-24 22:06:55	0.3197	0.2958	0.3077	EYES OPEN	0.0017	0.6	NO YAWN	7.3	35.0	NORMAL BLINK RATE	NORMAL
2026-09-24 22:06:56	0.3231	0.3072	0.3151	EYES OPEN	0.0022	0.6	NO YAWN	7.3	34.0	NORMAL BLINK RATE	NORMAL
2026-09-24 22:06:57	0.3127	0.2905	0.3016	EYES OPEN	0.0012	0.6	NO YAWN	7.37	35.0	NORMAL BLINK RATE	NORMAL
2026-09-24 22:06:58	0.2763	0.2609	0.2686	PARTIALLY CLOSED	0.0021	0.6	NO YAWN	7.34	35.0	NORMAL BLINK RATE	NORMAL
2026-09-24 22:06:59	0.3037	0.2863	0.295	PARTIALLY CLOSED	0.0017	0.6	NO YAWN	7.45	36.0	NORMAL BLINK RATE	NORMAL
2026-09-24 22:07:00	0.3025	0.2836	0.293	PARTIALLY CLOSED	0.0013	0.6	NO YAWN	7.3	35.0	NORMAL BLINK RATE	NORMAL
2026-09-24 22:07:01	0.2999	0.2772	0.2885	PARTIALLY CLOSED	0.0014	0.6	NO YAWN	7.26	30.0	NORMAL BLINK RATE	NORMAL
2026-09-24 22:07:02	0.2333	0.2301	0.2317	PARTIALLY CLOSED	0.0031	0.6	NO YAWN	7.26	30.0	NORMAL BLINK RATE	NORMAL
2026-09-24 22:07:03	0.2431	0.2357	0.2394	PARTIALLY CLOSED	0.003	0.6	NO YAWN	7.0	30.0	NORMAL BLINK RATE	NORMAL
2026-09-24 22:07:04	0.3159	0.296	0.3059	EYES OPEN	0.0045	0.6	NO YAWN	7.19	30.0	NORMAL BLINK RATE	NORMAL
2026-09-24 22:07:05	0.3187	0.3016	0.3102	EYES OPEN	0.0027	0.6	NO YAWN	7.08	29.0	NORMAL BLINK RATE	NORMAL
2026-09-24 22:07:06	0.2969	0.2712	0.284	PARTIALLY CLOSED	0.0017	0.6	NO YAWN	7.07	29.0	NORMAL BLINK RATE	NORMAL
2026-09-24 22:07:07	0.2931	0.2734	0.2832	PARTIALLY CLOSED	0.0023	0.6	NO YAWN	6.96	28.0	NORMAL BLINK RATE	NORMAL
2026-09-24 22:07:08	0.293	0.2732	0.2831	PARTIALLY CLOSED	0.0028	0.6	NO YAWN	6.82	28.0	NORMAL BLINK RATE	NORMAL
2026-09-24 22:07:09	0.2944	0.2799	0.2871	PARTIALLY CLOSED	0.0089	0.6	NO YAWN	6.66	27.0	NORMAL BLINK RATE	NORMAL
2026-09-24 22:07:10	0.2943	0.2782	0.2863	PARTIALLY CLOSED	0.0038	0.6	NO YAWN	6.63	27.0	NORMAL BLINK RATE	NORMAL
2026-09-24 22:07:11	0.2888	0.2779	0.2833	PARTIALLY CLOSED	0.0016	0.6	NO YAWN	6.63	27.0	NORMAL BLINK RATE	NORMAL
2026-09-24 22:07:12	0.2675	0.2617	0.2646	PARTIALLY CLOSED	0.0013	0.6	NO YAWN	6.82	27.0	NORMAL BLINK RATE	NORMAL
2026-09-24 22:07:13	0.3024	0.2914	0.2969	PARTIALLY CLOSED	0.0014	0.6	NO YAWN	6.81	27.0	NORMAL BLINK RATE	NORMAL
2026-09-24 22:07:14	0.2597	0.2772	0.2685	PARTIALLY CLOSED	0.003	0.6	NO YAWN	6.53	27.0	NORMAL BLINK RATE	NORMAL
2026-09-24 22:07:15	0.2485	0.2467	0.2476	PARTIALLY CLOSED	0.0058	0.6	NO YAWN	6.42	28.0	NORMAL BLINK RATE	NORMAL
2026-09-27 12:15:58	0.2198	0.2161	0.2179	PARTIALLY CLOSED	0.1383	0.6	NO YAWN	0.0	0.0	LOW BLINK RATE	NORMAL
2026-09-27 12:15:59	0.2681	0.271	0.2696	PARTIALLY CLOSED	0.0073	0.6	NO YAWN	0.0	0.0	LOW BLINK RATE	NORMAL
2026-09-27 12:16:00	0.2664	0.2735	0.2699	PARTIALLY CLOSED	0.0019	0.6	NO YAWN	0.0	0.0	LOW BLINK RATE	NORMAL
2026-09-27 12:16:01	0.2841	0.2833	0.2837	PARTIALLY CLOSED	0.9333	0.6	YAWNING	0.0	0.0	LOW BLINK RATE	YAWNING DETECTED
2026-09-27 12:16:02	0.1562	0.0976	0.1269	EYES CLOSED	0.0373	0.6	NO YAWN	20.17	0.0	LOW BLINK RATE	EYES CLOSED
